uid,title,abstract,year,venue,authors,doi,arxiv_id,url,source,query,query_role,family,advisor_seed,citation_count,matched_terms,retrieved_at,relevance_score,hostile_score
doi:10.1109/lcsys.2025.3597334,Force-Dependent Variable Impedance Controller for Contact-Rich Tasks Under Reference Trajectory Uncertainty,,2025,IEEE Control Systems Letters,Kithmi N. D. Widanage; Rizuwana Parween; Hareesh Godaba; Nicolas Herzig; Romeo Glovnea; Yanan Li,10.1109/lcsys.2025.3597334,,https://doi.org/10.1109/lcsys.2025.3597334,crossref,contact rich manipulation learning,concept,contact,,1,contact rich manipulation; impedance control,2026-06-12T15:07:36Z,23.947,24.947
doi:10.3389/frobt.2021.688275,Vision-Guided MPC for Robotic Path Following Using Learned Memory-Augmented Model,"The control of the interaction between the robot and environment, following a predefined geometric surface path with high accuracy, is a fundamental problem for contact-rich tasks such as machining, polishing, or grinding. Flexible path-following control presents numerous applications in emerging industry fields such as disassembly and recycling, where the control system must adapt to a range of dissimilar object classes, where the properties of the environment are uncertain. We present an end-to-end framework for trajectory-independent robotic path following for contact-rich tasks in the presence of parametric uncertainties. We formulate a combination of model predictive control with image-based path planning and real-time visual feedback, based on a learned state-space dynamic model. For modeling the dynamics of the robot-environment system during contact, we introduce the application ",2021,Frontiers in Robotics and AI,Alireza Rastegarpanah; Jamie Hathaway; Rustam Stolkin,10.3389/frobt.2021.688275,,https://doi.org/10.3389/frobt.2021.688275,crossref,vision language action model limitation robotics,hostile,failure,,15,vision language action model; model predictive control; limitation,2026-06-12T15:07:36Z,17.586,23.586
arxiv:2504.19341v1,PolyTouch: A Robust Multi-Modal Tactile Sensor for Contact-rich Manipulation Using Tactile-Diffusion Policies,"Achieving robust dexterous manipulation in unstructured domestic environments remains a significant challenge in robotics. Even with state-of-the-art robot learning methods, haptic-oblivious control strategies (i.e. those relying only on external vision and/or proprioception) often fall short due to occlusions, visual complexities, and the need for precise contact interaction control. To address these limitations, we introduce PolyTouch, a novel robot finger that integrates camera-based tactile sensing, acoustic sensing, and peripheral visual sensing into a single design that is compact and durable. PolyTouch provides high-resolution tactile feedback across multiple temporal scales, which is essential for efficiently learning complex manipulation tasks. Experiments demonstrate an at least 20-fold increase in lifespan over commercial tactile sensors, with a design that is both easy to man",2025,arXiv,Jialiang Zhao; Naveen Kuppuswamy; Siyuan Feng; Benjamin Burchfiel; Edward Adelson,,2504.19341v1,http://arxiv.org/abs/2504.19341v1,arxiv,diffusion policy limitation robot manipulation,hostile,failure,,,diffusion policy; robot manipulation; contact rich manipulation; dexterous manipulation; proprioception; human demonstration; limitation; occlusion; diffusion policy limitation,2026-06-12T15:07:36Z,17.500,22.500
doi:10.3389/frobt.2024.1320261,Modeling of slip rate-dependent traversability for path planning of wheeled mobile robot in sandy terrain,"A planetary exploration rover has been employed for scientific endeavors or as a precursor for upcoming manned missions. Predicting rover traversability from its wheel slip ensures safe and efficient autonomous operations of rovers on deformable planetary surfaces; path planning algorithms that reduce slips by considering wheel-soil interaction or terrain data can minimize the risk of the rover becoming immobilized. Understanding wheel-soil interaction in transient states is vital for developing a more precise slip ratio prediction model, while path planning in the past assumes that slips generated at the path is a series of slip ratio in steady state. In this paper, we focus on the transient slip, or slip rate the time derivative of slip ratio, to explicitly address it into the cost function of path planning algorithm. We elaborated a regression model that takes slip rate and traction f",2024,Frontiers in Robotics and AI,Go Sakayori; Genya Ishigami,10.3389/frobt.2024.1320261,,https://doi.org/10.3389/frobt.2024.1320261,crossref,robot world model failure planning,hostile,failure,,6,robot world model; robot world model failure,2026-06-12T15:07:36Z,18.073,22.073
doi:10.48550/arxiv.2509.13949,"SHaRe-RL: Structured, Interactive Reinforcement Learning for Contact-Rich Industrial Assembly Tasks","High-mix low-volume (HMLV) industrial assembly, common in small and medium-sized enterprises (SMEs), requires the same precision, safety, and reliability as high-volume automation while remaining flexible to product variation and environmental uncertainty. Current robotic systems struggle to meet these demands. Manual programming is brittle and costly to adapt, while learning-based methods suffer from poor sample efficiency and unsafe exploration in contact-rich tasks. To address this, we present SHaRe-RL, a reinforcement learning framework that leverages multiple sources of prior knowledge. By (i) structuring skills into manipulation primitives, (ii) incorporating human demonstrations and online corrections, and (iii) bounding interaction forces with per-axis compliance, SHaRe-RL enables efficient and safe online learning for long-horizon, contact-rich industrial assembly tasks. Experim",2025,ArXiv.org,Jannick Stranghöner; Philipp Hartmann; Marco Braun; Sebastian Wrede; Klaus Neumann,10.48550/arxiv.2509.13949,,https://doi.org/10.48550/arxiv.2509.13949,openalex,energy based transformer robot policy,concept,ebm_transformer,,1,energy based transformer robot policy; human demonstration; sample efficiency; deployment; long horizon,2026-06-12T18:05:07Z,20.047,22.047
doi:10.3389/fnbot.2023.1280773,Vision-force-fused curriculum learning for robotic contact-rich assembly tasks,"Contact-rich robotic manipulation tasks such as assembly are widely studied due to their close relevance with social and manufacturing industries. Although the task is highly related to vision and force, current methods lack a unified mechanism to effectively fuse the two sensors. We consider coordinating multimodality from perception to control and propose a vision-force curriculum policy learning scheme to effectively fuse the features and generate policy. Experiments in simulations indicate the priorities of our method, which could insert pegs with 0.1 mm clearance. Furthermore, the system is generalizable to various initial configurations and unseen shapes, and it can be robustly transferred from simulation to reality without fine-tuning, showing the effectiveness and generalization of our proposed method. The experiment videos and code will be available at https://sites.google.com/v",2023,Frontiers in Neurorobotics,Piaopiao Jin; Yinjie Lin; Yaoxian Song; Tiefeng Li; Wei Yang,10.3389/fnbot.2023.1280773,,https://doi.org/10.3389/fnbot.2023.1280773,crossref,contact rich manipulation learning,concept,contact,,22,contact rich manipulation; generalization,2026-06-12T14:45:03Z,20.818,21.818
doi:10.1177/02783640122067480,Planning Motions Compliant to Complex Contact States,"Many robotic tasks require compliant motions, but planning such motions poses special challenges not present in collision-free motion planning. One challenge is how to achieve exactness, that is, how to make sure that a planned path is exactly compliant to a desired contact state, especially when the configuration manifold of such a contact state is hard to describe analytically due to high geometrical complexity and/or high dimensionality. The authors tackle the problem with a hybrid approach of direct exploitation of contact constraints and randomized planning. They particularly focus on planning motion that maintains certain contact state or contact formation (CF), called a CF-compliant motion, because a general compliant motion is a sequence of such CF-compliant motions with respect to different CFs. This paper describes a randomized planner for planning CF-compliant motion between t",2001,The International Journal of Robotics Research,Xuerong Ji; Jing Xiao,10.1177/02783640122067480,,https://doi.org/10.1177/02783640122067480,crossref,EBM transformer robotics contact rich manipulation,concept,architecture_x_embodiment,,73,EBM transformer robotics; contact rich manipulation; motion planning,2026-06-12T15:07:36Z,20.802,21.802
doi:10.1108/aa-10-2021-0128,Contact-consistent visual object pose estimation for contact-rich robotic manipulation tasks,"Purpose The purpose of this paper is to estimate the contact-consistent object poses during contact-rich manipulation tasks based only on visual sensors. Design/methodology/approach The method follows a four-step procedure. Initially, the raw object poses are retrieved using the available object pose estimation method and filtered using Kalman filter with nominal model; second, a group of particles are randomly generated for each pose and evaluated the corresponding object contact state using the contact simulation software. A probability guided particle averaging method is proposed to balance the accuracy and safety issues; third, the independently estimated contact states are fused in a hidden Markov model to remove the abnormal contact state observations; finally, the object poses are refined by averaging the contact state consistent particles. Findings The experiments are performed t",2022,Assembly Automation,Zhonglai Tian; Hongtai Cheng; Zhenjun Du; Zongbei Jiang; Yeping Wang,10.1108/aa-10-2021-0128,,https://doi.org/10.1108/aa-10-2021-0128,crossref,contact rich manipulation learning,concept,contact,,1,contact rich manipulation,2026-06-12T14:45:03Z,21.747,21.747
arxiv:2209.10486v2,An Open Tele-Impedance Framework to Generate Data for Contact-Rich Tasks in Robotic Manipulation,"Using large datasets in machine learning has led to outstanding results, in some cases outperforming humans in tasks that were believed impossible for machines. However, achieving human-level performance when dealing with physically interactive tasks, e.g., in contact-rich robotic manipulation, is still a big challenge. It is well known that regulating the Cartesian impedance for such operations is of utmost importance for their successful execution. Approaches like reinforcement Learning (RL) can be a promising paradigm for solving such problems. More precisely, approaches that use task-agnostic expert demonstrations to bootstrap learning when solving new tasks have a huge potential since they can exploit large datasets. However, existing data collection systems are expensive, complex, or do not allow for impedance regulation. This work represents a first step towards a data collection ",2022,arXiv,Alberto Giammarino; Juan M. Gandarias; Arash Ajoudani,,2209.10486v2,http://arxiv.org/abs/2209.10486v2,arxiv,EBM transformer robotics contact rich manipulation,concept,architecture_x_embodiment,,,EBM transformer robotics; contact rich manipulation,2026-06-12T15:07:36Z,21.600,21.600
doi:10.3390/s25216741,DPDQN-TER: An Improved Deep Reinforcement Learning Approach for Mobile Robot Path Planning in Dynamic Scenarios,"Efficient and stable path planning in dynamic and obstacle-dense environments, such as large-scale structure assembly measurement, is essential for improving the practicality and environmental adaptability of mobile robots in measurement and quality inspection tasks. However, traditional reinforcement learning methods often suffer from inefficient use of experience and limited capability to represent policy structures in complex dynamic scenarios. To overcome these limitations, this study proposes a method named DPDQN-TER that integrates Transformer-based sequence modeling with a multi-branch parameter policy network. The proposed method introduces a temporal-aware experience replay mechanism that employs multi-head self-attention to capture causal dependencies within state transition sequences. By dynamically weighting and sampling critical obstacle-avoidance experiences, this mechanism",2025,Sensors,Shuyuan Gao; Yang Xu; Xiaoxiao Guo; Chenchen Liu; Xiaobai Wang,10.3390/s25216741,,https://doi.org/10.3390/s25216741,crossref,robot planning without learning,anti_myopia,anti_thesis,,3,limitation; benchmark; generalization; ablation; deployment; robot planning without learning,2026-06-12T15:07:36Z,12.593,21.593
doi:10.3390/machines11070741,A Planning Framework for Robotic Insertion Tasks via Hydroelastic Contact Model,"Robotic contact-rich insertion tasks present a significant challenge for motion planning due to the complex force interaction between robots and objects. Although many learning-based methods have shown success in contact tasks, most methods need sampling or exploring to gather sufficient experimental data. However, it is both time-consuming and expensive to conduct real-world experiments repeatedly. On the other hand, while the virtual world enables low cost and fast computations by simulators, there still exists a huge sim-to-real gap due to the inaccurate point contact model. Although finite element analysis might generate accurate results for contact tasks, it is computationally expensive. As such, this study proposes a motion planning framework with bilevel optimization to leverage relatively accurate force information with fast computation time. This framework consists of Dynamic Mo",2023,Machines,Lin Yang; Mohammad Zaidi Ariffin; Baichuan Lou; Chen Lv; Domenico Campolo,10.3390/machines11070741,,https://doi.org/10.3390/machines11070741,openalex,energy based policy robotics,concept,ebm,,7,motion planning; benchmark,2026-06-12T18:05:07Z,17.340,21.340
arxiv:2605.17601v1,From a Single Demonstration to a General Policy for Contact-Rich Manipulation,"We present a Learning from Demonstration (LfD) framework that achieves one-shot generalization in multi-stage, contact-rich manipulation tasks. Central to our approach is the utilization of environmental constraints as the inductive bias. By representing a demonstration as a sequence of behaviors that exploit environmental constraints, the robot separates task-general structure -- the constraint types and their transitions -- from instance-specific details such as exact demonstration trajectories, poses, and local geometries. Our four-stage pipeline builds a complete policy on this representation: the robot first abstracts a single demonstration into environmental-constraint primitives, then disambiguates them through self-guided exploration, next assimilates targeted human corrections that handle out-of-distribution variations, and finally recovers the abstracted-away details online thr",2026,arXiv,Xing Li; Oliver Brock,,2605.17601v1,http://arxiv.org/abs/2605.17601v1,arxiv,contact rich manipulation learning,concept,contact,,,contact rich manipulation; contact dynamics; generalization; out of distribution,2026-06-12T14:45:03Z,19.200,21.200
doi:10.1039/d3mh01138k,High-sensitivity and ultralow-hysteresis fluorine-rich ionogel strain sensors for multi-environment contact and contactless sensing,"Encapsulation-free strain sensors are realized using fluorine-rich ionogels with abundant ion–dipole interactions, which feature multi-environment tolerance, high sensitivity, ultralow hysteresis, and enable contact or contactless sensing underwater.",2023,Materials Horizons,Faqi Hu; Zhenkai Huang; Chuan Luo; Kan Yue,10.1039/d3mh01138k,,https://doi.org/10.1039/d3mh01138k,crossref,contact rich manipulation learning,concept,contact,,25,contact rich manipulation; hysteresis,2026-06-12T15:07:36Z,20.879,20.879
arxiv:2603.15169v1,ForceVLA2: Unleashing Hybrid Force-Position Control with Force Awareness for Contact-Rich Manipulation,"Embodied intelligence for contact-rich manipulation has predominantly relied on position control, while explicit awareness and regulation of interaction forces remain under-explored, limiting stability, precision, and robustness in real-world tasks. We propose ForceVLA2, an end-to-end vision-language-action framework that equips robots with hybrid force-position control and explicit force awareness. ForceVLA2 introduces force-based prompts into the VLM expert to construct force-aware task concepts across stages, and employs a Cross-Scale Mixture-of-Experts (MoE) in the action expert to adaptively fuse these concepts with real-time interaction forces for closed-loop hybrid force-position regulation. To support learning and evaluation, we construct ForceVLA2-Dataset, containing 1,000 trajectories over 5 contact-rich tasks, including wiping, pressing, and assembling, with multi-view images,",2026,arXiv,Yang Li; Zhaxizhuoma; Hongru Jiang; Junjie Xia; Hongquan Zhang; Jinda Du; Yunsong Zhou; Jia Zeng; Ce Hao; Jieji Ren; Qiaojun Yu; Cewu Lu; Yu Qiao; Jiangmiao Pang,,2603.15169v1,http://arxiv.org/abs/2603.15169v1,arxiv,contact rich manipulation learning,concept,contact,,,contact rich manipulation; failure mode; robustness,2026-06-12T14:45:03Z,16.850,20.850
doi:10.1016/j.rcim.2022.102517,A review on reinforcement learning for contact-rich robotic manipulation tasks,,2023,Robotics and Computer-Integrated Manufacturing,Íñigo Elguea-Aguinaco; Antonio Serrano-Muñoz; Dimitrios Chrysostomou; Ibai Inziarte-Hidalgo; Simon Bøgh; Nestor Arana-Arexolaleiba,10.1016/j.rcim.2022.102517,,https://doi.org/10.1016/j.rcim.2022.102517,crossref,contact rich manipulation learning,concept,contact,,137,contact rich manipulation,2026-06-12T14:45:03Z,20.664,20.664
arxiv:2404.06645v1,GenCHiP: Generating Robot Policy Code for High-Precision and Contact-Rich Manipulation Tasks,"Large Language Models (LLMs) have been successful at generating robot policy code, but so far these results have been limited to high-level tasks that do not require precise movement. It is an open question how well such approaches work for tasks that require reasoning over contact forces and working within tight success tolerances. We find that, with the right action space, LLMs are capable of successfully generating policies for a variety of contact-rich and high-precision manipulation tasks, even under noisy conditions, such as perceptual errors or grasping inaccuracies. Specifically, we reparameterize the action space to include compliance with constraints on the interaction forces and stiffnesses involved in reaching a target pose. We validate this approach on subtasks derived from the Functional Manipulation Benchmark (FMB) and NIST Task Board Benchmarks. Exposing this action space",2024,arXiv,Kaylee Burns; Ajinkya Jain; Keegan Go; Fei Xia; Michael Stark; Stefan Schaal; Karol Hausman,,2404.06645v1,http://arxiv.org/abs/2404.06645v1,arxiv,EBM transformer robotics contact rich manipulation,concept,architecture_x_embodiment,,,EBM transformer robotics; contact rich manipulation; benchmark,2026-06-12T15:07:36Z,19.650,20.650
doi:10.1142/s0219686728500011,Visual-Haptic Fusion for Contact-Rich Robot Skill Transfer via Diffusion Models,"Contact-rich manipulation in industrial robotics faces significant challenges in skill transfer, where conventional vision-based systems rely on indirect force inference from visual observations. To address this limitation, this study developed a vision-force fusion framework combining visual and haptic measurements through learned attention mechanisms to generate manipulation trajectories satisfying contact constraints. The approach employs diffusion-based iterative refinement conditioned on multimodal observations from RGB-D cameras and force sensors. Experimental validation employed 387 demonstrations from diverse contact-rich assembly tasks using a collaborative robot with multimodal perception. The approach achieved 87.3% success rate across target task variants, outperforming Diffusion Policy (78.6%), Action Chunking Transformer (73.9%), and Behavior Cloning (62.3%), representing a",2026,Journal of Advanced Manufacturing Systems,Hongliang Xing; Yuhang Zhao,10.1142/s0219686728500011,,https://doi.org/10.1142/s0219686728500011,crossref,contact dynamics robot learning,concept,contact,,,diffusion policy; contact rich manipulation; industrial robot; contact dynamics; behavior cloning; limitation; generalization; robustness; ablation,2026-06-12T15:07:36Z,16.650,20.650
doi:10.3389/frobt.2021.777363,An Adaptive Imitation Learning Framework for Robotic Complex Contact-Rich Insertion Tasks,"Complex contact-rich insertion is a ubiquitous robotic manipulation skill and usually involves nonlinear and low-clearance insertion trajectories as well as varying force requirements. A hybrid trajectory and force learning framework can be utilized to generate high-quality trajectories by imitation learning and find suitable force control policies efficiently by reinforcement learning. However, with the mentioned approach, many human demonstrations are necessary to learn several tasks even when those tasks require topologically similar trajectories. Therefore, to reduce human repetitive teaching efforts for new tasks, we present an adaptive imitation framework for robot manipulation. The main contribution of this work is the development of a framework that introduces dynamic movement primitives into a hybrid trajectory and force learning framework to learn a specific class of complex co",2022,Frontiers in Robotics and AI,Yan Wang; Cristian C. Beltran-Hernandez; Weiwei Wan; Kensuke Harada,10.3389/frobt.2021.777363,,https://doi.org/10.3389/frobt.2021.777363,crossref,contact dynamics robot learning,concept,contact,,22,robot manipulation; contact dynamics; force control; imitation learning; human demonstration,2026-06-12T14:45:03Z,20.618,20.618
doi:10.1177/02783649261417694,A survey on imitation learning for contact-rich tasks in robotics,"This paper comprehensively surveys research trends in imitation learning (IL) for contact-rich robotic tasks. Contact-rich tasks, which require complex physical interactions with the environment, represent a central challenge in robotics due to their nonlinear dynamics and sensitivity to small positional deviations. The paper examines demonstration collection methodologies, including teaching methods and sensory modalities crucial for capturing subtle interaction dynamics. We then analyze IL approaches, highlighting their applications to contact-rich manipulation. Recent advances in multimodal learning and foundation models have significantly enhanced performance in complex contact tasks across industrial, household, and healthcare domains. Through systematic organization of current research and identification of challenges, this survey provides a foundation for future advancements in co",2026,The International Journal of Robotics Research,Toshiaki Tsuji; Yasuhiro Kato; Gokhan Solak; Heng Zhang; Tadej Petrič; Francesco Nori; Arash Ajoudani,10.1177/02783649261417694,,https://doi.org/10.1177/02783649261417694,crossref,contact rich manipulation learning,concept,contact,,5,contact rich manipulation; imitation learning,2026-06-12T14:45:03Z,20.546,20.546
doi:10.1007/s00170-021-08086-z,Learning and generalising object extraction skill for contact-rich disassembly tasks: an introductory study,"Abstract Remanufacturing automation must be designed to be flexible and robust enough to overcome the uncertainties, conditions of the products, and complexities in the planning and operation of the processes. Machine learning methods, in particular reinforcement learning, are presented as techniques to learn, improve, and generalise the automation of many robotic manipulation tasks (most of them related to grasping, picking, or assembly). However, not much has been exploited in remanufacturing, in particular in disassembly tasks. This work presents the state of the art of contact-rich disassembly using reinforcement learning algorithms and a study about the generalisation of object extraction skills when applied to contact-rich disassembly tasks. The generalisation capabilities of two state-of-the-art reinforcement learning agents (trained in simulation) are tested and evaluated in simu",2023,The International Journal of Advanced Manufacturing Technology,Antonio Serrano-Muñoz; Nestor Arana-Arexolaleiba; Dimitrios Chrysostomou; Simon Bøgh,10.1007/s00170-021-08086-z,,https://doi.org/10.1007/s00170-021-08086-z,crossref,contact rich manipulation learning,concept,contact,,12,contact rich manipulation,2026-06-12T14:45:03Z,20.532,20.532
arxiv:2504.06156v2,ViTaMIn: Learning Contact-Rich Tasks Through Robot-Free Visuo-Tactile Manipulation Interface,"Tactile information plays a crucial role for humans and robots to interact effectively with their environment, particularly for tasks requiring the understanding of contact properties. Solving such dexterous manipulation tasks often relies on imitation learning from demonstration datasets, which are typically collected via teleoperation systems and often demand substantial time and effort. To address these challenges, we present ViTaMIn, an embodiment-free manipulation interface that seamlessly integrates visual and tactile sensing into a hand-held gripper, enabling data collection without the need for teleoperation. Our design employs a compliant Fin Ray gripper with tactile sensing, allowing operators to perceive force feedback during manipulation for more intuitive operation. Additionally, we propose a multimodal representation learning strategy to obtain pre-trained tactile represent",2025,arXiv,Fangchen Liu; Chuanyu Li; Yihua Qin; Jing Xu; Pieter Abbeel; Rui Chen,,2504.06156v2,http://arxiv.org/abs/2504.06156v2,arxiv,contact rich manipulation learning,concept,contact,,,contact rich manipulation; dexterous manipulation; imitation learning; teleoperation; robustness; data efficiency,2026-06-12T14:45:03Z,19.500,20.500
arxiv:2603.13782v1,Your Vision-Language-Action Model Already Has Attention Heads For Path Deviation Detection,"Vision-Language-Action (VLA) models have demonstrated strong potential for predicting semantic actions in navigation tasks, demonstrating the ability to reason over complex linguistic instructions and visual contexts. However, they are fundamentally hindered by visual-reasoning hallucinations that lead to trajectory deviations. Addressing this issue has conventionally required training external critic modules or relying on complex uncertainty heuristics. In this work, we discover that monitoring a few attention heads within a frozen VLA model can accurately detect path deviations without incurring additional computational overhead. We refer to these heads, which inherently capture the spatiotemporal causality between historical visual sequences and linguistic instructions, as Navigation Heads. Using these heads, we propose an intuitive, training-free anomaly-detection framework that moni",2026,arXiv,Jaehwan Jeong; Evelyn Zhu; Jinying Lin; Emmanuel Jaimes; Tuan-Anh Vu; Jungseock Joo; Sangpil Kim; M. Khalid Jawed,,2603.13782v1,http://arxiv.org/abs/2603.13782v1,arxiv,vision language action model limitation robotics,hostile,failure,,,vision language action model; limitation; robustness,2026-06-12T14:45:03Z,12.500,20.500
doi:10.1016/j.robot.2024.104832,Learning latent causal factors from the intricate sensor feedback of contact-rich robotic assembly tasks,,2025,Robotics and Autonomous Systems,Yurou Chen; Jiyang Yu; Zhenyang Lin; Liancheng Shen; Zhiyong Liu,10.1016/j.robot.2024.104832,,https://doi.org/10.1016/j.robot.2024.104832,crossref,contact rich manipulation learning,concept,contact,,5,contact rich manipulation,2026-06-12T14:45:03Z,19.496,20.496
arxiv:2308.16893v1,Language-Conditioned Path Planning,"Contact is at the core of robotic manipulation. At times, it is desired (e.g. manipulation and grasping), and at times, it is harmful (e.g. when avoiding obstacles). However, traditional path planning algorithms focus solely on collision-free paths, limiting their applicability in contact-rich tasks. To address this limitation, we propose the domain of Language-Conditioned Path Planning, where contact-awareness is incorporated into the path planning problem. As a first step in this domain, we propose Language-Conditioned Collision Functions (LACO) a novel approach that learns a collision function using only a single-view image, language prompt, and robot configuration. LACO predicts collisions between the robot and the environment, enabling flexible, conditional path planning without the need for manual object annotations, point cloud data, or ground-truth object meshes. In both simulati",2023,arXiv,Amber Xie; Youngwoon Lee; Pieter Abbeel; Stephen James,,2308.16893v1,http://arxiv.org/abs/2308.16893v1,arxiv,large language model limitation robot planning,anti_myopia,anti_thesis,,,limitation; large language model limitation robot planning,2026-06-12T15:07:36Z,16.400,20.400
doi:10.1115/1.4046577,Evaluation and Optimization of Dual-Arm Robot Path Planning for Human–Robot Collaborative Tasks in Smart Manufacturing Contexts,"Abstract In human–robot collaborative tasks, the performance of robot path planning has a direct impact on the robot-to-human hand-over process, or even the collaboration quality. In this work, we propose an evaluation study on multiple robot path planners with different metrics and reveal their pros and cons in representative human–robot collaborative manufacturing contexts. Afterward, based on the proposed metrics, we define a cost function for the dual-arm robot to choose optimized path planning solutions with maximum efficiency for its human partner in human–robot collaboration. We implement the proposed evaluation and optimization approaches to multiple realistic human–robot collaborative manufacturing contexts. Experimental results and evaluations suggest that our approaches are able to provide positive solutions for the robot path planner selection and also open a window for explo",2021,ASME Letters in Dynamic Systems and Control,Weitian Wang; Yi Chen; Yunyi Jia,10.1115/1.4046577,,https://doi.org/10.1115/1.4046577,crossref,robot world model failure planning,hostile,failure,,5,robot world model; robot world model failure,2026-06-12T15:07:36Z,15.396,20.396
doi:10.1002/rob.21522,Motion‐ and Uncertainty‐aware Path Planning for Micro Aerial Vehicles,"Localization and state estimation are reaching a certain maturity in mobile robotics, often providing both a precise robot pose estimate at a point in time and the corresponding uncertainty. In the bid to increase the robots' autonomy, the community now turns to more advanced tasks, such as navigation and path planning. For a realistic path to be computed, neither the uncertainty of the robot's perception nor the vehicle's dynamics can be ignored. In this work, we propose to specifically exploit the information on uncertainty, while also accounting for the physical laws governing the motion of the vehicle. Making use of rapidly exploring random belief trees, here we evaluate offline multiple path hypotheses in a known map to select a path exhibiting the motion required to estimate the robot's state accurately and, inherently, to avoid motion in modes, where otherwise observable states ar",2014,Journal of Field Robotics,Markus W. Achtelik; Simon Lynen; Stephan Weiss; Margarita Chli; Roland Siegwart,10.1002/rob.21522,,https://doi.org/10.1002/rob.21522,crossref,neural radiance field robotics,concept,architecture,,53,neural radiance field robotics; state estimation; limitation,2026-06-12T15:07:36Z,18.344,20.344
doi:10.1145/1778765.1778865,Sampling-based contact-rich motion control,"Human motions are the product of internal and external forces, but these forces are very difficult to measure in a general setting. Given a motion capture trajectory, we propose a method to reconstruct its open-loop control and the implicit contact forces. The method employs a strategy based on randomized sampling of the control within user-specified bounds, coupled with forward dynamics simulation. Sampling-based techniques are well suited to this task because of their lack of dependence on derivatives, which are difficult to estimate in contact-rich scenarios. They are also easy to parallelize, which we exploit in our implementation on a compute cluster. We demonstrate reconstruction of a diverse set of captured motions, including walking, running, and contact rich tasks such as rolls and kip-up jumps. We further show how the method can be applied to physically based motion transformat",2010,ACM Transactions on Graphics,Libin Liu; KangKang Yin; Michiel van de Panne; Tianjia Shao; Weiwei Xu,10.1145/1778765.1778865,,https://doi.org/10.1145/1778765.1778865,crossref,contact rich manipulation learning,concept,contact,,100,contact rich manipulation; limitation,2026-06-12T15:07:36Z,19.308,20.308
doi:10.3389/frobt.2026.1746577,Fast reprogramming and adaptive reproduction of contact-rich assembly,"Introduction Modern manufacturing demands flexible, robust robotic assembly systems capable of handling variable part geometries and dynamic task configurations. Current approaches often suffer from limited generalization, high sample complexity, and the need for extensive reconfiguration or retraining when task parameters change. This paper addresses these limitations by introducing a novel framework that enables adaptive reproduction of kinesthetically taught, contact-rich assembly policies, using only force/torque and proprioceptive sensing. Methods The approach combines three components: i. synchronized wrench–motion Dynamic Movement Primitives (wDMPs) that encode coupled motion and wrench profiles from a single demonstration; ii. an uncertainty-aware Model Predictive Controller (MPC) that updates its model online to enable compliant and adaptive contact handling using uncertainty es",2026,Frontiers in Robotics and AI,Dimitrios Rakovitis; Vamsi Krishna Origanti; Vinzenz Bargsten; Adrian Danzglock; Dennis Mronga; Frank Kirchner,10.3389/frobt.2026.1746577,,https://doi.org/10.3389/frobt.2026.1746577,crossref,contact dynamics robot learning,concept,contact,,,contact dynamics; model predictive control; limitation; benchmark; generalization; robustness,2026-06-12T15:07:36Z,14.300,20.300
doi:10.1109/tro.2019.2959445,Making Sense of Vision and Touch: Learning Multimodal Representations for Contact-Rich Tasks,,2020,IEEE Transactions on Robotics,Michelle A. Lee; Yuke Zhu; Peter Zachares; Matthew Tan; Krishnan Srinivasan; Silvio Savarese; Li Fei-Fei; Animesh Garg; Jeannette Bohg,10.1109/tro.2019.2959445,,https://doi.org/10.1109/tro.2019.2959445,crossref,contact rich manipulation learning,concept,contact,,205,contact rich manipulation,2026-06-12T14:45:03Z,20.264,20.264
doi:10.1109/icra.2019.8793485,Making Sense of Vision and Touch: Self-Supervised Learning of Multimodal Representations for Contact-Rich Tasks,,2019,2019 International Conference on Robotics and Automation (ICRA),Michelle A. Lee; Yuke Zhu; Krishnan Srinivasan; Parth Shah; Silvio Savarese; Li Fei-Fei; Animesh Garg; Jeannette Bohg,10.1109/icra.2019.8793485,,https://doi.org/10.1109/icra.2019.8793485,crossref,contact rich manipulation learning,concept,contact,,245,contact rich manipulation; self supervised learning,2026-06-12T14:45:03Z,20.153,20.153
doi:10.1109/lra.2020.3010739,Learning Force Control for Contact-Rich Manipulation Tasks With Rigid Position-Controlled Robots,,2020,IEEE Robotics and Automation Letters,Cristian Camilo Beltran-Hernandez; Damien Petit; Ixchel Georgina Ramirez-Alpizar; Takayuki Nishi; Shinichi Kikuchi; Takamitsu Matsubara; Kensuke Harada,10.1109/lra.2020.3010739,,https://doi.org/10.1109/lra.2020.3010739,crossref,contact rich manipulation learning,concept,contact,,139,contact rich manipulation; force control,2026-06-12T14:45:03Z,20.071,20.071
doi:10.15607/rss.2023.xix.039,IndustReal: Transferring Contact-Rich Assembly Tasks from Simulation to Reality,,2023,Robotics: Science and Systems XIX,Bingjie Tang; Michael Lin; Iretiayo Akinola; Ankur Handa; Gaurav Sukhatme; Fabio Ramos; Dieter Fox; Yashraj Narang,10.15607/rss.2023.xix.039,,https://doi.org/10.15607/rss.2023.xix.039,crossref,contact rich manipulation learning,concept,contact,,40,contact rich manipulation,2026-06-12T15:07:36Z,20.057,20.057
doi:10.48550/arxiv.2506.13498,A Survey on Imitation Learning for Contact-Rich Tasks in Robotics,"This paper comprehensively surveys research trends in imitation learning for contact-rich robotic tasks. Contact-rich tasks, which require complex physical interactions with the environment, represent a central challenge in robotics due to their nonlinear dynamics and sensitivity to small positional deviations. The paper examines demonstration collection methodologies, including teaching methods and sensory modalities crucial for capturing subtle interaction dynamics. We then analyze imitation learning approaches, highlighting their applications to contact-rich manipulation. Recent advances in multimodal learning and foundation models have significantly enhanced performance in complex contact tasks across industrial, household, and healthcare domains. Through systematic organization of current research and identification of challenges, this survey provides a foundation for future advance",2025,ArXiv.org,Toshiaki Tsuji; Yasuhiro Kato; Gökhan Solak; Heng Zhang; Tadej Petrič; Francesco Nori; Arash Ajoudani,10.48550/arxiv.2506.13498,,https://doi.org/10.48550/arxiv.2506.13498,openalex,energy based transformer robot policy,concept,ebm_transformer,,1,energy based transformer robot policy; contact rich manipulation; imitation learning,2026-06-12T18:05:07Z,20.047,20.047
doi:10.1201/9780429332111-124,Learning and Classification of Contact States in Robotic Assembly Tasks,,2022,Industrial and Engineering Applications of Artificial Intelligence and Expert Systems,Enrique Cervera; Angel P. del Pobil,10.1201/9780429332111-124,,https://doi.org/10.1201/9780429332111-124,crossref,contact rich manipulation learning,concept,contact,,,contact rich manipulation,2026-06-12T15:07:36Z,20.000,20.000
arxiv:2412.02676v2,Planning-Guided Diffusion Policy Learning for Generalizable Contact-Rich Bimanual Manipulation,"Contact-rich bimanual manipulation involves precise coordination of two arms to change object states through strategically selected contacts and motions. Due to the inherent complexity of these tasks, acquiring sufficient demonstration data and training policies that generalize to unseen scenarios remain a largely unresolved challenge. Building on recent advances in planning through contacts, we introduce Generalizable Planning-Guided Diffusion Policy Learning (GLIDE), an approach that effectively learns to solve contact-rich bimanual manipulation tasks by leveraging model-based motion planners to generate demonstration data in high-fidelity physics simulation. Through efficient planning in randomized environments, our approach generates large-scale and high-quality synthetic motion trajectories for tasks involving diverse objects and transformations. We then train a task-conditioned dif",2024,arXiv,Xuanlin Li; Tong Zhao; Xinghao Zhu; Jiuguang Wang; Tao Pang; Kuan Fang,,2412.02676v2,http://arxiv.org/abs/2412.02676v2,arxiv,contact rich manipulation learning,concept,contact,,,diffusion policy; contact rich manipulation; bimanual manipulation; behavior cloning; generalization,2026-06-12T14:45:03Z,19.000,20.000
doi:10.1109/tro.2025.3548493,Human-Inspired Active Compliant and Passive Shared Control Framework for Robotic Contact-Rich Tasks in Medical Applications,,2025,IEEE Transactions on Robotics,Junling Fu; Giorgia Maimone; Elisa Iovene; Jianzhuang Zhao; Alberto Redaelli; Giancarlo Ferrigno; Elena De Momi,10.1109/tro.2025.3548493,,https://doi.org/10.1109/tro.2025.3548493,crossref,contact rich manipulation learning,concept,contact,,14,contact rich manipulation,2026-06-12T15:07:36Z,19.954,19.954
doi:10.1109/iros51168.2021.9636176,Residual Feedback Learning for Contact-Rich Manipulation Tasks with Uncertainty,,2021,2021 IEEE/RSJ International Conference on Intelligent Robots and Systems (IROS),Alireza Ranjbar; Ngo Anh Vien; Hanna Ziesche; Joschka Boedecker; Gerhard Neumann,10.1109/iros51168.2021.9636176,,https://doi.org/10.1109/iros51168.2021.9636176,crossref,contact rich manipulation learning,concept,contact,,9,contact rich manipulation,2026-06-12T14:45:03Z,18.951,19.951
doi:10.1016/j.procir.2023.03.149,Benchmark of the Physics Engine MuJoCo and Learning-based Parameter Optimization for Contact-rich Assembly Tasks,,2023,Procedia CIRP,Balázs András Bálint; Arik Lämmle; Yannis Salteris; Philipp Tenbrock,10.1016/j.procir.2023.03.149,,https://doi.org/10.1016/j.procir.2023.03.149,crossref,contact rich manipulation learning,concept,contact,,3,contact rich manipulation; benchmark,2026-06-12T14:45:03Z,18.893,19.893
doi:10.1109/iros40897.2019.8968201,Variable Impedance Control in End-Effector Space: An Action Space for Reinforcement Learning in Contact-Rich Tasks,,2019,2019 IEEE/RSJ International Conference on Intelligent Robots and Systems (IROS),Roberto Martin-Martin; Michelle A. Lee; Rachel Gardner; Silvio Savarese; Jeannette Bohg; Animesh Garg,10.1109/iros40897.2019.8968201,,https://doi.org/10.1109/iros40897.2019.8968201,crossref,contact rich manipulation learning,concept,contact,,142,contact rich manipulation; impedance control,2026-06-12T14:45:03Z,19.881,19.881
arxiv:2506.13498v1,A Survey on Imitation Learning for Contact-Rich Tasks in Robotics,"This paper comprehensively surveys research trends in imitation learning for contact-rich robotic tasks. Contact-rich tasks, which require complex physical interactions with the environment, represent a central challenge in robotics due to their nonlinear dynamics and sensitivity to small positional deviations. The paper examines demonstration collection methodologies, including teaching methods and sensory modalities crucial for capturing subtle interaction dynamics. We then analyze imitation learning approaches, highlighting their applications to contact-rich manipulation. Recent advances in multimodal learning and foundation models have significantly enhanced performance in complex contact tasks across industrial, household, and healthcare domains. Through systematic organization of current research and identification of challenges, this survey provides a foundation for future advance",2025,arXiv,Toshiaki Tsuji; Yasuhiro Kato; Gokhan Solak; Heng Zhang; Tadej Petrič; Francesco Nori; Arash Ajoudani,,2506.13498v1,http://arxiv.org/abs/2506.13498v1,arxiv,contact rich manipulation learning,concept,contact,,,contact rich manipulation; imitation learning,2026-06-12T14:45:03Z,19.850,19.850
arxiv:2509.17053v1,FILIC: Dual-Loop Force-Guided Imitation Learning with Impedance Torque Control for Contact-Rich Manipulation Tasks,"Contact-rich manipulation is crucial for robots to perform tasks requiring precise force control, such as insertion, assembly, and in-hand manipulation. However, most imitation learning (IL) policies remain position-centric and lack explicit force awareness, and adding force/torque sensors to collaborative robot arms is often costly and requires additional hardware design. To overcome these issues, we propose FILIC, a Force-guided Imitation Learning framework with impedance torque control. FILIC integrates a Transformer-based IL policy with an impedance controller in a dual-loop structure, enabling compliant force-informed, force-executed manipulation. For robots without force/torque sensors, we introduce a cost-effective end-effector force estimator using joint torque measurements through analytical Jacobian-based inversion while compensating with model-predicted torques from a digital ",2025,arXiv,Haizhou Ge; Yufei Jia; Zheng Li; Yue Li; Zhixing Chen; Ruqi Huang; Guyue Zhou,,2509.17053v1,http://arxiv.org/abs/2509.17053v1,arxiv,contact rich manipulation learning,concept,contact,,,contact rich manipulation; force control; impedance control; imitation learning,2026-06-12T14:45:03Z,19.850,19.850
arxiv:2602.14434v1,A Soft Wrist with Anisotropic and Selectable Stiffness for Robust Robot Learning in Contact-rich Manipulation,"Contact-rich manipulation tasks in unstructured environments pose significant robustness challenges for robot learning, where unexpected collisions can cause damage and hinder policy acquisition. Existing soft end-effectors face fundamental limitations: they either provide a limited deformation range, lack directional stiffness control, or require complex actuation systems that compromise practicality. This study introduces CLAW (Compliant Leaf-spring Anisotropic soft Wrist), a novel soft wrist mechanism that addresses these limitations through a simple yet effective design using two orthogonal leaf springs and rotary joints with a locking mechanism. CLAW provides large 6-degree-of-freedom deformation (40mm lateral, 20mm vertical), anisotropic stiffness that is tunable across three distinct modes, while maintaining lightweight construction (330g) at low cost ($550). Experimental evaluati",2026,arXiv,Steven Oh; Tomoya Takahashi; Cristian C. Beltran-Hernandez; Yuki Kuroda; Masashi Hamaya,,2602.14434v1,http://arxiv.org/abs/2602.14434v1,arxiv,contact rich manipulation learning,concept,contact,,,contact rich manipulation; imitation learning; limitation; benchmark; robustness,2026-06-12T14:45:03Z,16.850,19.850
arxiv:2505.22159v3,ForceVLA: Enhancing VLA Models with a Force-aware MoE for Contact-rich Manipulation,"Vision-Language-Action (VLA) models have advanced general-purpose robotic manipulation by leveraging pretrained visual and linguistic representations. However, they struggle with contact-rich tasks that require fine-grained control involving force, especially under visual occlusion or dynamic uncertainty. To address these limitations, we propose ForceVLA, a novel end-to-end manipulation framework that treats external force sensing as a first-class modality within VLA systems. ForceVLA introduces FVLMoE, a force-aware Mixture-of-Experts fusion module that dynamically integrates pretrained visual-language embeddings with real-time 6-axis force feedback during action decoding. This enables context-aware routing across modality-specific experts, enhancing the robot's ability to adapt to subtle contact dynamics. We also introduce \textbf{ForceVLA-Data}, a new dataset comprising synchronized v",2025,arXiv,Jiawen Yu; Hairuo Liu; Qiaojun Yu; Jieji Ren; Ce Hao; Haitong Ding; Guangyu Huang; Guofan Huang; Yan Song; Panpan Cai; Cewu Lu; Wenqiang Zhang,,2505.22159v3,http://arxiv.org/abs/2505.22159v3,arxiv,contact rich manipulation learning,concept,contact,,,contact rich manipulation; dexterous manipulation; contact dynamics; proprioception; limitation; benchmark; occlusion,2026-06-12T14:45:03Z,16.850,19.850
arxiv:2511.17774v3,Contact-Rich Robotic Assembly in Construction via Diffusion Policy Learning,"Fabrication uncertainty arising from tolerance accumulation, material imperfection, and positioning errors remains a critical barrier to automated robotic assembly in construction, particularly for contact-rich manipulation tasks governed by friction and geometric constraints. This paper investigates the deployment of diffusion policy learning on construction-scale industrial robots to enable robust, high-precision assembly under such uncertainty, using tight-fitting mortise and tenon timber joinery as a representative case study. Sensory-motor diffusion policies are trained using teleoperated demonstrations collected from an industrial robotic workcell equipped with force/torque sensing. A two-phase experimental study evaluates baseline performance and robustness under randomized positional perturbations up to 10 mm, far exceeding the sub-millimeter joint clearance. The best-performing ",2025,arXiv,Salma Mozaffari; Daniel Ruan; William van den Bogert; Nima Fazeli; Sigrid Adriaenssens; Arash Adel,,2511.17774v3,http://arxiv.org/abs/2511.17774v3,arxiv,diffusion policy robot manipulation,concept,diffusion,,,diffusion policy; robot manipulation; contact rich manipulation; industrial robot; robustness; deployment,2026-06-12T14:45:03Z,16.850,19.850
doi:10.1109/lra.2024.3396368,SRL-VIC: A Variable Stiffness-Based Safe Reinforcement Learning for Contact-Rich Robotic Tasks,,2024,IEEE Robotics and Automation Letters,Heng Zhang; Gokhan Solak; Gustavo J. G. Lahr; Arash Ajoudani,10.1109/lra.2024.3396368,,https://doi.org/10.1109/lra.2024.3396368,crossref,contact dynamics robot learning,concept,contact,,16,contact dynamics,2026-06-12T14:45:03Z,19.817,19.817
arxiv:2409.11863v2,LEMMo-Plan: LLM-Enhanced Learning from Multi-Modal Demonstration for Planning Sequential Contact-Rich Manipulation Tasks,"Large Language Models (LLMs) have gained popularity in task planning for long-horizon manipulation tasks. To enhance the validity of LLM-generated plans, visual demonstrations and online videos have been widely employed to guide the planning process. However, for manipulation tasks involving subtle movements but rich contact interactions, visual perception alone may be insufficient for the LLM to fully interpret the demonstration. Additionally, visual data provides limited information on force-related parameters and conditions, which are crucial for effective execution on real robots. In this paper, we introduce an in-context learning framework that incorporates tactile and force-torque information from human demonstrations to enhance LLMs' ability to generate plans for new task scenarios. We propose a bootstrapped reasoning pipeline that sequentially integrates each modality into a comp",2024,arXiv,Kejia Chen; Zheng Shen; Yue Zhang; Lingyun Chen; Fan Wu; Zhenshan Bing; Sami Haddadin; Alois Knoll,,2409.11863v2,http://arxiv.org/abs/2409.11863v2,arxiv,contact rich manipulation learning,concept,contact,,,contact rich manipulation; human demonstration; long horizon,2026-06-12T14:45:03Z,19.650,19.650
doi:10.3390/machines10060453,Using Pose-Dependent Model Predictive Control for Path Tracking with Bounded Tensions in a 3-DOF Spatial Cable Suspended Parallel Robot,"This paper proposes the preliminary results on a novel control architecture based on model predictive control (MPC) for cable-driven parallel robots (CDPRs) and applies them to a three degrees of freedom (3-DOF) robot with a suspended configuration, leading to a cable-suspended parallel robot (CSPR). The goal of the control scheme is ensuring accurate path tracking of the reference end-effector path, while imposing a priori positive cable tensions. To handle the nonlinearities characterizing the dynamic model that governs this kind of multibody system and to keep the computational effort low, a position-dependent MPC algorithm with an embedded integrator is designed to compute the optimal cable tensions required to track the end-effector commanded path. Such tensions must belong to the feasible domain defined through a lower bound, which is slightly greater than zero, to ensure that cabl",2022,Machines,Jason Bettega; Dario Richiedei; Alberto Trevisani,10.3390/machines10060453,,https://doi.org/10.3390/machines10060453,crossref,model predictive control robot learning,anti_myopia,control,,13,model predictive control,2026-06-12T15:07:36Z,15.620,19.620
doi:10.1016/j.robot.2025.105270,"A generic task model and control strategy to support learning, robust control, and generalization of contact-rich manipulation tasks",,2026,Robotics and Autonomous Systems,Ali Mousavi Mohammadi; Maxim Vochten; Erwin Aertbeliën; Joris De Schutter,10.1016/j.robot.2025.105270,,https://doi.org/10.1016/j.robot.2025.105270,crossref,contact rich manipulation learning,concept,contact,,,contact rich manipulation; generalization,2026-06-12T14:45:03Z,18.600,19.600
doi:10.1109/lra.2024.3359542,Learning Robust Skills for Tightly Coordinated Arms in Contact-Rich Tasks,,2024,IEEE Robotics and Automation Letters,Yaowei Fan; Xinge Li; Kaihang Zhang; Chen Qian; Fanghao Zhou; Tiefeng Li; Zhilong Huang,10.1109/lra.2024.3359542,,https://doi.org/10.1109/lra.2024.3359542,crossref,contact dynamics robot learning,concept,contact,,10,contact dynamics,2026-06-12T14:45:03Z,19.599,19.599
doi:10.1109/lra.2023.3302616,Nonlinear Subsystem-Based Adaptive Impedance Control of Physical Human-Robot-Environment Interaction in Contact-Rich Tasks,,2023,IEEE Robotics and Automation Letters,Mahdi Hejrati; Jouni Mattila,10.1109/lra.2023.3302616,,https://doi.org/10.1109/lra.2023.3302616,crossref,adaptive world action model robot,concept,wam,,14,world action model; adaptive world action model; impedance control,2026-06-12T15:07:36Z,19.554,19.554
doi:10.1108/ir-01-2022-0028,Improved A* algorithm and model predictive control- based path planning and tracking framework for hexapod robots,"Purpose Path planning is a fundamental and significant issue in robotics research, especially for the legged robots, since it is the core technology for robots to complete complex tasks such as autonomous navigation and exploration. The purpose of this paper is to propose a path planning and tracking framework for the autonomous navigation of hexapod robots. Design/methodology/approach First, a hexapod robot called Hexapod-Mini is briefly introduced. Then a path planning algorithm based on improved A* is proposed, which introduces the artificial potential field (APF) factor into the evaluation function to generate a safe and collision-free initial path. Then we apply a turning point optimization based on the greedy algorithm, which optimizes the number of turns of the path. And a fast-turning trajectory for hexapod robot is proposed, which is applied to path smoothing. Besides, a model p",2023,Industrial Robot: the international journal of robotics research and application,Zelin Wang; Feng Gao; Yue Zhao; Yunpeng Yin; Liangyu Wang,10.1108/ir-01-2022-0028,,https://doi.org/10.1108/ir-01-2022-0028,crossref,robot world model failure planning,hostile,failure,,24,robot world model; model predictive control; robot world model failure,2026-06-12T15:07:36Z,13.509,19.509
arxiv:2601.14550v1,TacUMI: A Multi-Modal Universal Manipulation Interface for Contact-Rich Tasks,"Task decomposition is critical for understanding and learning complex long-horizon manipulation tasks. Especially for tasks involving rich physical interactions, relying solely on visual observations and robot proprioceptive information often fails to reveal the underlying event transitions. This raises the requirement for efficient collection of high-quality multi-modal data as well as robust segmentation method to decompose demonstrations into meaningful modules. Building on the idea of the handheld demonstration device Universal Manipulation Interface (UMI), we introduce TacUMI, a multi-modal data collection system that integrates additionally ViTac sensors, force-torque sensor, and pose tracker into a compact, robot-compatible gripper design, which enables synchronized acquisition of all these modalities during human demonstrations. We then propose a multi-modal segmentation framewor",2026,arXiv,Tailai Cheng; Kejia Chen; Lingyun Chen; Liding Zhang; Yue Zhang; Yao Ling; Mahdi Hamad; Zhenshan Bing; Fan Wu; Karan Sharma; Alois Knoll,,2601.14550v1,http://arxiv.org/abs/2601.14550v1,arxiv,contact rich manipulation learning,concept,contact,,,contact rich manipulation; human demonstration; long horizon,2026-06-12T14:45:03Z,19.500,19.500
arxiv:2509.19696v3,Diffusion-Based Impedance Learning for Contact-Rich Manipulation Tasks,"Learning-based methods excel at robot motion generation but remain limited in contact-rich physical interaction. Impedance control provides stable and safe contact behavior but requires task-specific tuning of stiffness and damping parameters. We present Diffusion-Based Impedance Learning, a framework that bridges these paradigms by combining generative modeling with energy-consistent impedance control. A Transformer-based Diffusion Model, conditioned via cross-attention on measured external wrenches, reconstructs simulated Zero-Force Trajectories (sZFTs) that represent contact-consistent equilibrium behavior. A SLERP-based quaternion noise scheduler preserves geometric consistency for rotations on the unit sphere. The reconstructed sZFT is used by an energy-based estimator to adapt impedance online through directional stiffness and damping modulation. Trained on parkour and robot-assist",2025,arXiv,Noah Geiger; Tamim Asfour; Neville Hogan; Johannes Lachner,,2509.19696v3,http://arxiv.org/abs/2509.19696v3,arxiv,contact rich manipulation learning,concept,contact,,,contact rich manipulation; impedance control; teleoperation,2026-06-12T14:45:03Z,19.500,19.500
doi:10.3390/drones8090493,Multi-Robot Path Planning Algorithm for Collaborative Mapping under Communication Constraints,"In extensive outdoor collaborative exploration tasks, multiple robots require efficient path planning methods to ensure rapid and comprehensive map construction. However, current collaborative mapping algorithms often integrate poorly with path planning, especially under limited communication conditions. Such conditions can complicate data exchange, leading to inefficiencies and missed areas in real-world environments. This paper introduces a path planning approach specifically designed for distributed collaborative mapping tasks, aimed at enhancing map completeness, mapping efficiency, and communication robustness under communication constraints. We frame the entire task as a k-Chinese Postman Problem (k-CPP) and optimize it using a genetic algorithm (GA). This method fully leverages topology maps to efficiently plan subpaths for multiple robots, ensuring thorough coverage of the mappin",2024,Drones,Chengyu Zhou; Junxiang Li; Meiping Shi; Tao Wu,10.3390/drones8090493,,https://doi.org/10.3390/drones8090493,crossref,robot world model failure planning,hostile,failure,,14,robot world model; robustness; robot world model failure,2026-06-12T15:07:36Z,13.454,19.454
doi:10.1109/iros58592.2024.10801525,GenCHiP: Generating Robot Policy Code for High-Precision and Contact-Rich Manipulation Tasks,,2024,2024 IEEE/RSJ International Conference on Intelligent Robots and Systems (IROS),Kaylee Burns; Ajinkya Jain; Keegan Go; Fei Xia; Michael Stark; Stefan Schaal; Karol Hausman,10.1109/iros58592.2024.10801525,,https://doi.org/10.1109/iros58592.2024.10801525,crossref,contact rich manipulation learning,concept,contact,,7,contact rich manipulation,2026-06-12T14:45:03Z,19.440,19.440
doi:10.3390/app142210313,Hybrid Sampling-Based Path Planning for Mobile Manipulators Performing Pick and Place Tasks in Narrow Spaces,"A mobile manipulator is capable of traversing a vast area while performing manipulation tasks in confined spaces. However, the high degree of freedom presents a challenge for path planning. In this paper, a hybrid sampling-based path planning method is proposed for mobile manipulators performing pick and place tasks in confined spaces. This method employs a random sampling approach, yet differs from the traditional RRT method. Firstly, a sampling-based configuration generation method for mobile manipulators is proposed, with the objective of generating a valid, collision-free configuration with the end-effector at the desired pose. A path for the end-effector corresponding to the goal configuration is then planned using the RRT method. Secondly, an area-restricted approach that samples in the vicinity of the previous configuration is introduced to generate the next valid configuration. S",2024,Applied Sciences,Hanlin Chen; Xizhe Zang; Yanhe Zhu; Jie Zhao,10.3390/app142210313,,https://doi.org/10.3390/app142210313,crossref,sampling based motion planning,anti_myopia,anti_thesis,,3,motion planning; sampling based motion planning,2026-06-12T15:07:36Z,15.393,19.393
doi:10.1109/icra48506.2021.9561891,Learning Dense Rewards for Contact-Rich Manipulation Tasks,,2021,2021 IEEE International Conference on Robotics and Automation (ICRA),Zheng Wu; Wenzhao Lian; Vaibhav Unhelkar; Masayoshi Tomizuka; Stefan Schaal,10.1109/icra48506.2021.9561891,,https://doi.org/10.1109/icra48506.2021.9561891,crossref,contact rich manipulation learning,concept,contact,,21,contact rich manipulation,2026-06-12T14:45:03Z,19.346,19.346
doi:10.1016/j.conengprac.2023.105600,Optimal multi-robot path planning for cyclic tasks using Petri nets,,2023,Control Engineering Practice,Peng Lv; Guangqing Luo; Ziyue Ma; Shaoyuan Li; Xiang Yin,10.1016/j.conengprac.2023.105600,,https://doi.org/10.1016/j.conengprac.2023.105600,crossref,optimal control robot manipulation,anti_myopia,anti_thesis,,21,robot manipulation; optimal control robot manipulation,2026-06-12T15:07:36Z,15.346,19.346
doi:10.1109/tie.2022.3227279,Unified Human–Robot–Environment Interaction Control in Contact-Rich Collaborative Manipulation Tasks via Model-Based Reinforcement Learning,,2023,IEEE Transactions on Industrial Electronics,Xing Liu; Yu Liu; Zhengxiong Liu; Panfeng Huang,10.1109/tie.2022.3227279,,https://doi.org/10.1109/tie.2022.3227279,crossref,contact dynamics robot learning,concept,contact,,8,contact dynamics,2026-06-12T14:45:03Z,19.299,19.299
arxiv:2211.02201v2,Learning Tool Morphology for Contact-Rich Manipulation Tasks with Differentiable Simulation,"When humans perform contact-rich manipulation tasks, customized tools are often necessary to simplify the task. For instance, we use various utensils for handling food, such as knives, forks and spoons. Similarly, robots may benefit from specialized tools that enable them to more easily complete a variety of tasks. We present an end-to-end framework to automatically learn tool morphology for contact-rich manipulation tasks by leveraging differentiable physics simulators. Previous work relied on manually constructed priors requiring detailed specification of a 3D object model, grasp pose and task description to facilitate the search or optimization process. Our approach only requires defining the objective with respect to task performance and enables learning a robust morphology through randomizing variations of the task. We make this optimization tractable by casting it as a continual le",2022,arXiv,Mengxi Li; Rika Antonova; Dorsa Sadigh; Jeannette Bohg,,2211.02201v2,http://arxiv.org/abs/2211.02201v2,arxiv,contact rich manipulation learning,concept,contact,,,contact rich manipulation; continual learning,2026-06-12T14:45:03Z,19.250,19.250
doi:10.1109/icra46639.2022.9811675,Symbolic State Estimation with Predicates for Contact-Rich Manipulation Tasks,,2022,2022 International Conference on Robotics and Automation (ICRA),Toki Migimatsu; Wenzhao Lian; Jeannette Bohg; Stefan Schaal,10.1109/icra46639.2022.9811675,,https://doi.org/10.1109/icra46639.2022.9811675,crossref,contact rich manipulation learning,concept,contact,,9,contact rich manipulation; state estimation,2026-06-12T14:45:03Z,19.151,19.151
doi:10.1109/icra48506.2021.9561162,Proactive Action Visual Residual Reinforcement Learning for Contact-Rich Tasks Using a Torque-Controlled Robot,,2021,2021 IEEE International Conference on Robotics and Automation (ICRA),Yunlei Shi; Zhaopeng Chen; Hongxu Liu; Sebastian Riedel; Chunhui Gao; Qian Feng; Jun Deng; Jianwei Zhang,10.1109/icra48506.2021.9561162,,https://doi.org/10.1109/icra48506.2021.9561162,crossref,contact dynamics robot learning,concept,contact,,13,contact dynamics,2026-06-12T14:45:03Z,19.120,19.120
doi:10.1109/iros58592.2024.10802530,Learning-based Adaptive Admittance Controller for Efficient and Safe pHRI in Contact-rich Manufacturing Tasks,,2024,2024 IEEE/RSJ International Conference on Intelligent Robots and Systems (IROS),Pouya P. Niaz; Engin Erzin; Cagatay Basdogan,10.1109/iros58592.2024.10802530,,https://doi.org/10.1109/iros58592.2024.10802530,crossref,contact rich manipulation learning,concept,contact,,3,contact rich manipulation,2026-06-12T14:45:03Z,19.093,19.093
doi:10.1109/iros51168.2021.9636417,Combining Learning from Demonstration with Learning by Exploration to Facilitate Contact-Rich Tasks,,2021,2021 IEEE/RSJ International Conference on Intelligent Robots and Systems (IROS),Yunlei Shi; Zhaopeng Chen; Yansong Wu; Dimitri Henkel; Sebastian Riedel; Hongxu Liu; Qian Feng; Jianwei Zhang,10.1109/iros51168.2021.9636417,,https://doi.org/10.1109/iros51168.2021.9636417,crossref,contact rich manipulation learning,concept,contact,,12,contact rich manipulation,2026-06-12T14:45:03Z,19.082,19.082
doi:10.1109/icra48891.2023.10161453,Learning Tool Morphology for Contact-Rich Manipulation Tasks with Differentiable Simulation,,2023,2023 IEEE International Conference on Robotics and Automation (ICRA),Mengxi Li; Rika Antonova; Dorsa Sadigh; Jeannette Bohg,10.1109/icra48891.2023.10161453,,https://doi.org/10.1109/icra48891.2023.10161453,crossref,contact rich manipulation learning,concept,contact,,4,contact rich manipulation,2026-06-12T14:45:03Z,19.005,19.005
doi:10.1109/arso56563.2023.10187436,An Open Tele-Impedance Framework to Generate Data for Contact-Rich Tasks in Robotic Manipulation,,2023,2023 IEEE International Conference on Advanced Robotics and Its Social Impacts (ARSO),Alberto Giammarino; Juan M. Gandarias; Arash Ajoudani,10.1109/arso56563.2023.10187436,,https://doi.org/10.1109/arso56563.2023.10187436,crossref,contact rich manipulation learning,concept,contact,,4,contact rich manipulation,2026-06-12T14:45:03Z,19.005,19.005
doi:10.1109/lra.2020.2996067,Data-Efficient Model Learning and Prediction for Contact-Rich Manipulation Tasks,,2020,IEEE Robotics and Automation Letters,Shahbaz Abdul Khader; Hang Yin; Pietro Falco; Danica Kragic,10.1109/lra.2020.2996067,,https://doi.org/10.1109/lra.2020.2996067,crossref,contact dynamics robot learning,concept,contact,,14,contact rich manipulation; contact dynamics,2026-06-12T14:45:03Z,18.954,18.954
doi:10.1109/iros58592.2024.10801764,RTTF: Rapid Tactile Transfer Framework for Contact-Rich Manipulation Tasks,,2024,2024 IEEE/RSJ International Conference on Intelligent Robots and Systems (IROS),Qiwei Wu; Xuanbin Peng; Jiayu Zhou; Zhuoran Sun; Xiaogang Xiong; Yunjiang Lou,10.1109/iros58592.2024.10801764,,https://doi.org/10.1109/iros58592.2024.10801764,crossref,contact rich manipulation learning,concept,contact,,2,contact rich manipulation,2026-06-12T14:45:03Z,18.949,18.949
doi:10.1109/icra55743.2025.11127842,LEMMo-Plan: LLM-Enhanced Learning from Multi-Modal Demonstration for Planning Sequential Contact-Rich Manipulation Tasks,,2025,2025 IEEE International Conference on Robotics and Automation (ICRA),Kejia Chen; Zheng Shen; Yue Zhang; Lingyun Chen; Fan Wu; Zhenshan Bing; Sami Haddadin; Alois Knoll,10.1109/icra55743.2025.11127842,,https://doi.org/10.1109/icra55743.2025.11127842,crossref,contact rich manipulation learning,concept,contact,,1,contact rich manipulation,2026-06-12T14:45:03Z,18.947,18.947
doi:10.3390/s20195493,Deep Reinforcement Learning for Indoor Mobile Robot Path Planning,"This paper proposes a novel incremental training mode to address the problem of Deep Reinforcement Learning (DRL) based path planning for a mobile robot. Firstly, we evaluate the related graphic search algorithms and Reinforcement Learning (RL) algorithms in a lightweight 2D environment. Then, we design the algorithm based on DRL, including observation states, reward function, network structure as well as parameters optimization, in a 2D environment to circumvent the time-consuming works for a 3D environment. We transfer the designed algorithm to a simple 3D environment for retraining to obtain the converged network parameters, including the weights and biases of deep neural network (DNN), etc. Using these parameters as initial values, we continue to train the model in a complex 3D environment. To improve the generalization of the model in different scenes, we propose to combine the DRL ",2020,Sensors,Junli Gao; Weijie Ye; Jing Guo; Zhongjuan Li,10.3390/s20195493,,https://doi.org/10.3390/s20195493,crossref,robot world model failure planning,hostile,failure,,191,robot world model; generalization; robot world model failure,2026-06-12T15:07:36Z,13.929,18.929
doi:10.31763/ijrcs.v5i4.2004,A Survey of RRT* Variants and Enhancements for Robotic Path Planning,"Sampling-based planners like Rapidly?exploring Random Trees Star (RRT*) have proven powerful for robotic path planning. However, practical deployments expose limitations in convergence speed, dynamic feasibility, collision?checking overhead, and adaptability to changing environments. This paper introduces a novel practice-oriented taxonomy and decision map that aligns RRT* variants with constraints (dynamic, kinodynamic, and safety) and computes budgets. First, we review guided sampling techniques, including Informed RRT*, bridge?test sampling, and region?biased strategies that focus computational effort on promising regions, accelerating convergence. Next, we examine kinodynamic extensions such as Kinodynamic RRT* and LQR?RRT*, which embed system dynamics and optimal?control heuristics directly into the tree growth, yielding smooth, dynamically?feasible trajectories for under actuated m",2025,International Journal of Robotics and Control Systems,Hameed Salman Hameed; Firas Abdulrazzaq Raheem; Omar Farouq Lutfy,10.31763/ijrcs.v5i4.2004,,https://doi.org/10.31763/ijrcs.v5i4.2004,crossref,classical control robotics,anti_myopia,anti_thesis,,,limitation; deployment; classical control robotics,2026-06-12T15:07:36Z,11.900,18.900
doi:10.1109/lra.2021.3061982,Policy Blending and Recombination for Multimodal Contact-Rich Tasks,,2021,IEEE Robotics and Automation Letters,Tetsuya Narita; Oliver Kroemer,10.1109/lra.2021.3061982,,https://doi.org/10.1109/lra.2021.3061982,crossref,contact dynamics robot learning,concept,contact,,8,contact dynamics,2026-06-12T15:07:36Z,18.899,18.899
doi:10.1109/case56687.2023.10260413,Using Knowledge Representation and Task Planning for Robot-agnostic Skills on the Example of Contact-Rich Wiping Tasks,,2023,2023 IEEE 19th International Conference on Automation Science and Engineering (CASE),Matthias Mayr; Faseeh Ahmad; Alexander Duerr; Volker Krueger,10.1109/case56687.2023.10260413,,https://doi.org/10.1109/case56687.2023.10260413,crossref,contact rich manipulation learning,concept,contact,,3,contact rich manipulation,2026-06-12T15:07:36Z,18.893,18.893
arxiv:2011.08458v1,Learning Dense Rewards for Contact-Rich Manipulation Tasks,"Rewards play a crucial role in reinforcement learning. To arrive at the desired policy, the design of a suitable reward function often requires significant domain expertise as well as trial-and-error. Here, we aim to minimize the effort involved in designing reward functions for contact-rich manipulation tasks. In particular, we provide an approach capable of extracting dense reward functions algorithmically from robots' high-dimensional observations, such as images and tactile feedback. In contrast to state-of-the-art high-dimensional reward learning methodologies, our approach does not leverage adversarial training, and is thus less prone to the associated training instabilities. Instead, our approach learns rewards by estimating task progress in a self-supervised manner. We demonstrate the effectiveness and efficiency of our approach on two contact-rich manipulation tasks, namely, peg",2020,arXiv,Zheng Wu; Wenzhao Lian; Vaibhav Unhelkar; Masayoshi Tomizuka; Stefan Schaal,,2011.08458v1,http://arxiv.org/abs/2011.08458v1,arxiv,contact rich manipulation learning,concept,contact,,,contact rich manipulation,2026-06-12T14:45:03Z,18.850,18.850
arxiv:2509.16550v1,TranTac: Leveraging Transient Tactile Signals for Contact-Rich Robotic Manipulation,"Robotic manipulation tasks such as inserting a key into a lock or plugging a USB device into a port can fail when visual perception is insufficient to detect misalignment. In these situations, touch sensing is crucial for the robot to monitor the task's states and make precise, timely adjustments. Current touch sensing solutions are either insensitive to detect subtle changes or demand excessive sensor data. Here, we introduce TranTac, a data-efficient and low-cost tactile sensing and control framework that integrates a single contact-sensitive 6-axis inertial measurement unit within the elastomeric tips of a robotic gripper for completing fine insertion tasks. Our customized sensing system can detect dynamic translational and torsional deformations at the micrometer scale, enabling the tracking of visually imperceptible pose changes of the grasped object. By leveraging transformer-based",2025,arXiv,Yinghao Wu; Shuhong Hou; Haowen Zheng; Yichen Li; Weiyi Lu; Xun Zhou; Yitian Shao,,2509.16550v1,http://arxiv.org/abs/2509.16550v1,arxiv,Gaussian splatting robot perception contact rich manipulation,concept,architecture_x_embodiment,,,diffusion policy; Gaussian splatting robot perception; contact rich manipulation,2026-06-12T15:07:36Z,18.850,18.850
arxiv:2512.23864v3,Learning to Feel the Future: DreamTacVLA for Contact-Rich Manipulation,"Vision-Language-Action (VLA) models have shown remarkable generalization by mapping web-scale knowledge to robotic control, yet they remain blind to physical contact. Consequently, they struggle with contact-rich manipulation tasks that require reasoning about force, texture, and slip. While some approaches incorporate low-dimensional tactile signals, they fail to capture the high-resolution dynamics essential for such interactions. To address this limitation, we introduce DreamTacVLA, a framework that grounds VLA models in contact physics by learning to feel the future. Our model adopts a hierarchical perception scheme in which high-resolution tactile images serve as micro-vision inputs coupled with wrist-camera local vision and third-person macro vision. To reconcile these multi-scale sensory streams, we first train a unified policy with a Hierarchical Spatial Alignment (HSA) loss that",2025,arXiv,Guo Ye; Zexi Zhang; Xu Zhao; Shang Wu; Haoran Lu; Shihan Lu; Han Liu,,2512.23864v3,http://arxiv.org/abs/2512.23864v3,arxiv,contact rich manipulation learning,concept,contact,,,contact rich manipulation; contact dynamics; limitation; generalization,2026-06-12T14:45:03Z,16.850,18.850
arxiv:2509.19047v1,ManipForce: Force-Guided Policy Learning with Frequency-Aware Representation for Contact-Rich Manipulation,"Contact-rich manipulation tasks such as precision assembly require precise control of interaction forces, yet existing imitation learning methods rely mainly on vision-only demonstrations. We propose ManipForce, a handheld system designed to capture high-frequency force-torque (F/T) and RGB data during natural human demonstrations for contact-rich manipulation. Building on these demonstrations, we introduce the Frequency-Aware Multimodal Transformer (FMT). FMT encodes asynchronous RGB and F/T signals using frequency- and modality-aware embeddings and fuses them via bi-directional cross-attention within a transformer diffusion policy. Through extensive experiments on six real-world contact-rich manipulation tasks - such as gear assembly, box flipping, and battery insertion - FMT trained on ManipForce demonstrations achieves robust performance with an average success rate of 83% across all",2025,arXiv,Geonhyup Lee; Yeongjin Lee; Kangmin Kim; Seongju Lee; Sangjun Noh; Seunghyeok Back; Kyoobin Lee,,2509.19047v1,http://arxiv.org/abs/2509.19047v1,arxiv,contact rich manipulation learning,concept,contact,,,diffusion policy; contact rich manipulation; imitation learning; human demonstration; ablation,2026-06-12T14:45:03Z,16.850,18.850
arxiv:2506.00351v2,Recasting Classical Motion Planning for Contact-Rich Manipulation,"In this work, we explore how conventional motion planning algorithms can be reapplied to contact-rich manipulation tasks. Rather than focusing solely on efficiency, we investigate how manipulation aspects can be recast in terms of conventional motion-planning algorithms. Conventional motion planners, such as Rapidly-Exploring Random Trees (RRT), typically compute collision-free paths in configuration space. However, in many manipulation tasks, contact is either unavoidable or essential for task success, such as for creating space or maintaining physical equilibrium. As such, we presents Haptic Rapidly-Exploring Random Trees (HapticRRT), a planning algorithm that incorporates a recently proposed optimality measure in the context of \textit{quasi-static} manipulation, based on the (squared) Hessian of manipulation potential. The key contributions are i) adapting classical RRT to operate on",2025,arXiv,Lin Yang; Huu-Thiet Nguyen; Chen Lv; Domenico Campolo,,2506.00351v2,http://arxiv.org/abs/2506.00351v2,arxiv,contact rich manipulation learning,concept,contact,,,contact rich manipulation; motion planning,2026-06-12T14:45:03Z,16.850,18.850
arxiv:2503.08548v1,TLA: Tactile-Language-Action Model for Contact-Rich Manipulation,"Significant progress has been made in vision-language models. However, language-conditioned robotic manipulation for contact-rich tasks remains underexplored, particularly in terms of tactile sensing. To address this gap, we introduce the Tactile-Language-Action (TLA) model, which effectively processes sequential tactile feedback via cross-modal language grounding to enable robust policy generation in contact-intensive scenarios. In addition, we construct a comprehensive dataset that contains 24k pairs of tactile action instruction data, customized for fingertip peg-in-hole assembly, providing essential resources for TLA training and evaluation. Our results show that TLA significantly outperforms traditional imitation learning methods (e.g., diffusion policy) in terms of effective action generation and action accuracy, while demonstrating strong generalization capabilities by achieving o",2025,arXiv,Peng Hao; Chaofan Zhang; Dingzhe Li; Xiaoge Cao; Xiaoshuai Hao; Shaowei Cui; Shuo Wang,,2503.08548v1,http://arxiv.org/abs/2503.08548v1,arxiv,contact rich manipulation learning,concept,contact,,,diffusion policy; contact rich manipulation; skill learning; imitation learning; generalization,2026-06-12T14:45:03Z,16.850,18.850
doi:10.3390/sym18030394,PI-VLA: Adaptive Symmetry-Aware Decision-Making for Long-Horizon Vision–Language–Action Manipulation,"Vision–language–action (VLA) models often suffer from limited robustness in long-horizon manipulation tasks—where robots must execute extended sequences of actions over multiple time steps to achieve complex goals—due to their inability to explicitly exploit structural symmetries and to react adaptively when such symmetries are violated by environmental uncertainty. To address this limitation, this paper proposes PI-VLA, a symmetry-aware predictive and interactive VLA framework for robust robotic manipulation. PI-VLA is built upon three key symmetry-driven principles. First, a Cognitive–Motor Synergy (CMS) module jointly generates discrete and continuous action chunks together with predictive world-model features in a single forward pass, enforcing cross-modal action consistency as an implicit symmetry constraint across heterogeneous action representations. Second, a unified training obj",2026,Symmetry,Yina Jian; Di Tian; Xuan-Jing Chen; Zhen-Yuan Wei; Chen-Wei Liang; Mu-Jiang-Shan Wang,10.3390/sym18030394,,https://doi.org/10.3390/sym18030394,crossref,vision language action model limitation robotics,hostile,failure,,2,vision language action model; imitation learning; limitation; benchmark; robustness; ablation; long horizon,2026-06-12T15:07:36Z,9.849,18.849
doi:10.3390/robotics15010023,Autonomous Mobile Robot Path Planning Techniques—A Review: Metaheuristic and Cognitive Techniques,"Autonomous mobile robots (AMRs) require robust, efficient path planning to operate safely in complex, often dynamic environments (e.g., logistics, transportation, and healthcare). This systematic review focuses on advanced metaheuristic and learning- and reasoning-based (cognitive) techniques for AMR path planning. Drawing on approximately 230 articles published between 2018 and 2025, we organize the literature into two prominent families, metaheuristic optimization and AI-based navigation, and introduce and apply a unified taxonomy (planning scope, output type, and constraint awareness) to guide the comparative analysis and practitioner-oriented synthesis. We synthesize representative approaches, including swarm- and evolutionary-based planners (e.g., PSO, GA, ACO, GWO), fuzzy and neuro-fuzzy systems, neural methods, and RL/DRL-based navigation, highlighting their operating principles, ",2026,Robotics,Mubarak Badamasi Aremu; Gamil Ahmed; Sami Elferik; Abdul-Wahid A. Saif,10.3390/robotics15010023,,https://doi.org/10.3390/robotics15010023,crossref,task and motion planning robotics,anti_myopia,classic,,10,sim to real transfer; motion planning; task and motion planning; limitation; benchmark; reproducibility; deployment,2026-06-12T15:07:36Z,10.749,18.749
doi:10.1109/case59546.2024.10711473,Robotic Learning of Haptic Skills from Expert Demonstration for Contact-Rich Manufacturing Tasks,,2024,2024 IEEE 20th International Conference on Automation Science and Engineering (CASE),Sara Hamdan; Yusuf Aydin; Erhan Oztop; Cagatay Basdogan,10.1109/case59546.2024.10711473,,https://doi.org/10.1109/case59546.2024.10711473,crossref,contact rich manipulation learning,concept,contact,,1,contact rich manipulation,2026-06-12T14:45:03Z,18.747,18.747
doi:10.18196/jrc.v6i1.24097,Machine Learning Paradigms for UAV Path Planning: Review and Challenges,"Path planning is a crucial step in robotic navigation to satisfy: tasks safety, efficiency requirements and adapt to the complexity of environments. Path planning problem is particularly critical for Unmanned Aerial Vehicles (UAV), being increasingly involved within important tasks in diverse military and civil fields such as: inspection, search and rescue and communication, taking advantage of their high flexibility, maneuverability and cost-effective solutions. This continuous growth made the solution of UAV path planning problem an interesting research topic in recent years. In this scope, machine learning algorithms were a promising tool due to their continuous data-driven selfimprovement to adapt with the high dynamicity of environments where conventional programming fails. This paper provides a review on recent developments in machine learning-based UAV path planning issued from cr",2025,Journal of Robotics and Control (JRC),Anis Mahmoud Bacha; Razika Boushaki Zamoum; Fadhila Lachekhab,10.18196/jrc.v6i1.24097,,https://doi.org/10.18196/jrc.v6i1.24097,crossref,classical control robotics,anti_myopia,anti_thesis,,4,limitation; generalization; classical control robotics,2026-06-12T15:07:36Z,12.705,18.705
doi:10.3390/robotics15060108,Pose-Constrained Path Optimization for Manipulators with Contact Feedback from Sparse Waypoints,"Conventional robot motion teaching methods are time-consuming and place a significant burden on operators, especially when trajectory modification is required after contact with the environment. This paper proposes a six-dimensional automatic path correction method that considers both the position and orientation of the end-effector. The operator specifies only the start, goal, and via points of the motion path. Contact wrench information obtained during execution is incorporated into a cost function, and the control points of a spline-based trajectory are iteratively optimized. The method does not rely on an explicit environment model and autonomously updates the trajectory based on contact information. Simulation experiments were conducted on three industrial tasks: part box unloading, yarn cone removal, and part extraction. In all tasks, the proposed method successfully generated coll",2026,Robotics,Yuta Kasahara; Yuichi Kobayashi; Tomohiro Hayakawa; Francisco Jesús Arjonilla García; Kazuki Yamamoto; Keiji Takeshita; Yuya Wada; Yoichiro Nakamura,10.3390/robotics15060108,,https://doi.org/10.3390/robotics15060108,crossref,EBM transformer robotics contact rich manipulation,concept,architecture_x_embodiment,,,EBM transformer robotics; contact rich manipulation,2026-06-12T15:07:36Z,18.650,18.650
doi:10.1108/ir-03-2025-0080,Human-assisted reinforcement learning and dynamic force patterns in contact-rich manipulation for robotic disassembly,"Purpose The escalating rates of material consumption and energy usage, along with resulting waste, pose significant environmental challenges. Circular economy principles, remanufacturing and disassembly strategies emerge as potential solutions to mitigate these impacts. However, disassembly processes face a critical hurdle due to the inherent variability of products. The purpose of this study is to explore the potential of human-assisted reinforcement learning approaches to effectively manage this variability and improve the adaptability and performance of disassembly operations. Design/methodology/approach This paper investigates the application of reinforcement learning employed with robot–human interactions to address this variability in disassembly, particularly in contact-rich tasks. In addition, this paper proposes using an impedance controller augmented with overlaid force oscilla",2026,Industrial Robot: the international journal of robotics research and application,Nestor Arana-Arexolaleiba; Antonio Serrano; Dimitrios Chrysostomou,10.1108/ir-03-2025-0080,,https://doi.org/10.1108/ir-03-2025-0080,crossref,contact dynamics robot learning,concept,contact,,,contact rich manipulation; contact dynamics; impedance control; limitation; generalization,2026-06-12T14:45:03Z,16.650,18.650
arxiv:2412.09743v3,Should We Learn Contact-Rich Manipulation Policies from Sampling-Based Planners?,"The tremendous success of behavior cloning (BC) in robotic manipulation has been largely confined to tasks where demonstrations can be effectively collected through human teleoperation. However, demonstrations for contact-rich manipulation tasks that require complex coordination of multiple contacts are difficult to collect due to the limitations of current teleoperation interfaces. We investigate how to leverage model-based planning and optimization to generate training data for contact-rich dexterous manipulation tasks. Our analysis reveals that popular sampling-based planners like rapidly exploring random tree (RRT), while efficient for motion planning, produce demonstrations with unfavorably high entropy. This motivates modifications to our data generation pipeline that prioritizes demonstration consistency while maintaining solution diversity. Combined with a diffusion-based goal-co",2024,arXiv,Huaijiang Zhu; Tong Zhao; Xinpei Ni; Jiuguang Wang; Kuan Fang; Ludovic Righetti; Tao Pang,,2412.09743v3,http://arxiv.org/abs/2412.09743v3,arxiv,contact rich manipulation learning,concept,contact,,,contact rich manipulation; dexterous manipulation; motion planning; behavior cloning; teleoperation; limitation,2026-06-12T14:45:03Z,16.650,18.650
arxiv:2410.17246v2,"Learning Precise, Contact-Rich Manipulation through Uncalibrated Tactile Skins","While visuomotor policy learning has advanced robotic manipulation, precisely executing contact-rich tasks remains challenging due to the limitations of vision in reasoning about physical interactions. To address this, recent work has sought to integrate tactile sensing into policy learning. However, many existing approaches rely on optical tactile sensors that are either restricted to recognition tasks or require complex dimensionality reduction steps for policy learning. In this work, we explore learning policies with magnetic skin sensors, which are inherently low-dimensional, highly sensitive, and inexpensive to integrate with robotic platforms. To leverage these sensors effectively, we present the Visuo-Skin (ViSk) framework, a simple approach that uses a transformer-based policy and treats skin sensor data as additional tokens alongside visual information. Evaluated on four complex",2024,arXiv,Venkatesh Pattabiraman; Yifeng Cao; Siddhant Haldar; Lerrel Pinto; Raunaq Bhirangi,,2410.17246v2,http://arxiv.org/abs/2410.17246v2,arxiv,contact rich manipulation learning,concept,contact,,,contact rich manipulation; limitation; generalization,2026-06-12T14:45:03Z,16.650,18.650
doi:10.1115/1.4038978,Contact-Dependent Balance Stability of Biped Robots,"A theoretical–algorithmic framework for the construction of balance stability boundaries of biped robots with multiple contacts with the environment is proposed and implemented on a robotic platform. Comprehensive and univocal definitions of the states of balance of a generic legged system are introduced with respect to the system's contact configuration. Theoretical models of joint-space and center of mass (COM)-space dynamics under multiple contacts, distribution of contact wrenches, and robotic system parameters are established for their integration into a nonlinear programing (NLP) problem. In the proposed approach, the balance stability capabilities of a biped robot are quantified by a partition of the state space of COM position and velocity. The boundary of such a partition provides a threshold between balanced and falling states of the biped robot with respect to a specified cont",2018,Journal of Mechanisms and Robotics,Carlotta Mummolo; William Z. Peng; Carlos Gonzalez; Joo H. Kim,10.1115/1.4038978,,https://doi.org/10.1115/1.4038978,crossref,EBM transformer robotics contact rich manipulation,concept,architecture_x_embodiment,,31,EBM transformer robotics; contact rich manipulation,2026-06-12T15:07:36Z,18.633,18.633
doi:10.1109/iros51168.2021.9636440,Seeing All the Angles: Learning Multiview Manipulation Policies for Contact-Rich Tasks from Demonstrations,,2021,2021 IEEE/RSJ International Conference on Intelligent Robots and Systems (IROS),Trevor Ablett; Yifan Zhai; Jonathan Kelly,10.1109/iros51168.2021.9636440,,https://doi.org/10.1109/iros51168.2021.9636440,crossref,contact rich manipulation learning,concept,contact,,4,contact rich manipulation,2026-06-12T14:45:03Z,18.605,18.605
doi:10.1109/lra.2025.3597864,From Composable Models to Correct-by-Construction Software for Contact-Rich Robotic Mobile-Manipulation Tasks,,2025,IEEE Robotics and Automation Letters,Sven Schneider; Vamsi Kalagaturu; Herman Bruyninckx; Nico Hochgeschwender,10.1109/lra.2025.3597864,,https://doi.org/10.1109/lra.2025.3597864,crossref,robot world models manipulation,concept,world_models,,,robot world model; mobile manipulation,2026-06-12T14:45:03Z,18.600,18.600
doi:10.1109/raai67517.2025.11423198,A Telemanipulation System with Constraint-Aware Shared-Control for Contact-Rich Robot Tasks,,2025,"2025 5th International Conference on Robotics, Automation, and Artificial Intelligence (RAAI)",Qilong Yuan; Keng Peng Tee,10.1109/raai67517.2025.11423198,,https://doi.org/10.1109/raai67517.2025.11423198,crossref,contact dynamics robot learning,concept,contact,,,contact dynamics,2026-06-12T15:07:36Z,18.600,18.600
doi:10.1109/case58245.2025.11164000,Teaching contact-rich tasks from visual demonstrations by constraint extraction,,2025,2025 IEEE 21st International Conference on Automation Science and Engineering (CASE),Christian Hegeler; Filippo Rozzi; Loris Roveda; Kevin Haninger,10.1109/case58245.2025.11164000,,https://doi.org/10.1109/case58245.2025.11164000,crossref,contact rich manipulation learning,concept,contact,,,contact rich manipulation,2026-06-12T15:07:36Z,18.600,18.600
doi:10.1080/01691864.2026.2651286,Unsupervised motion primitive identification under translational physical constraints in contact-rich tasks,,2026,Advanced Robotics,Ryoga Oishi; Sho Sakaino; Toshiaki Tsuji,10.1080/01691864.2026.2651286,,https://doi.org/10.1080/01691864.2026.2651286,crossref,contact rich manipulation learning,concept,contact,,,contact rich manipulation,2026-06-12T15:07:36Z,18.600,18.600
doi:10.1109/iros60139.2025.11247255,Optimization Based Human-Guided Variable-Stiffness Visual Impedance Control for Contact-Rich Tasks,,2025,2025 IEEE/RSJ International Conference on Intelligent Robots and Systems (IROS),Jiao Jiang; Yaonan Wang; Yiming Jiang; Danping Zeng; Chao Zeng; Chenguang Yang; Hui Zhang,10.1109/iros60139.2025.11247255,,https://doi.org/10.1109/iros60139.2025.11247255,crossref,contact rich manipulation learning,concept,contact,,,contact rich manipulation; impedance control,2026-06-12T15:07:36Z,18.600,18.600
doi:10.1007/s40430-026-06425-3,Robot grinding and polishing path planning for free-form surfaces based on a dynamic tool-surface contact model,,2026,Journal of the Brazilian Society of Mechanical Sciences and Engineering,Youyu Liu; Qiang Wang; Jianwen Zhang; Xiangxiang Zhou; Kun Zhang,10.1007/s40430-026-06425-3,,https://doi.org/10.1007/s40430-026-06425-3,crossref,robot world model failure planning,hostile,failure,,,robot world model; robot world model failure,2026-06-12T15:07:36Z,14.600,18.600
doi:10.1016/j.ifacol.2020.12.2687,Variable-Impedance and Force Control for Robust Learning of Contact-rich Manipulation Tasks from User Demonstration,,2020,IFAC-PapersOnLine,Nima Enayati; Stefano Mariani; Arne Wahrburg; Andrea M. Zanchettin,10.1016/j.ifacol.2020.12.2687,,https://doi.org/10.1016/j.ifacol.2020.12.2687,crossref,contact rich manipulation learning,concept,contact,,6,contact rich manipulation; force control,2026-06-12T14:45:03Z,18.573,18.573
doi:10.1109/icus66297.2025.11295583,FrmRRT*: Sampling-based Multi-robot Formation Safe Path Planning in Obstacle-rich Environments,,2025,2025 IEEE International Conference on Unmanned Systems (ICUS),Yang Xu; Jin Li; Xiufang Shi; Liang Li,10.1109/icus66297.2025.11295583,,https://doi.org/10.1109/icus66297.2025.11295583,crossref,sampling based motion planning,anti_myopia,anti_thesis,,1,motion planning; sampling based motion planning,2026-06-12T15:07:36Z,14.547,18.547
doi:10.1017/s0263574724000481,Multi-objective optimal trajectory planning for robot manipulator attention to end-effector path limitation,"Abstract In the process of trajectory optimization for robot manipulator, the path that is generated may deviate from the intended path because of the adjustment of trajectory parameters, if there is limitation of end-effector path in Cartesian space for specific tasks, this phenomenon is dangerous. This paper proposes a methodology that is based on the Pareto front to address this issue, and the methodology takes into account both the multi-objective optimization of robotic arm and the quality of end-effector path. Based on dung beetle optimizer, this research proposes improved non-dominated sorting dung beetle optimizer. This paper interpolates manipulator trajectory with quintic B -spline curves, achieves multi-objective trajectory optimization that simultaneously optimizes traveling time, energy consumption, and mean jerk, proposes a trajectory selection strategy that is based on Par",2024,Robotica,Jintao Ye; Lina Hao; Hongtai Cheng,10.1017/s0263574724000481,,https://doi.org/10.1017/s0263574724000481,crossref,diffusion policy limitation robot manipulation,hostile,failure,,16,diffusion policy; robot manipulation; limitation; diffusion policy limitation,2026-06-12T15:07:36Z,13.517,18.517
arxiv:2603.12510v3,Red-Teaming Vision-Language-Action Models via Quality Diversity Prompt Generation for Robust Robot Policies,"Vision-Language-Action (VLA) models have significant potential to enable general-purpose robotic systems for a range of vision-language tasks. However, the performance of VLA-based robots is highly sensitive to the precise wording of language instructions, and it remains difficult to predict when such robots will fail. We propose Quality Diversity (QD) optimization as a natural framework for red-teaming embodied models, and present Q-DIG (Quality Diversity for Diverse Instruction Generation), which performs red-teaming by scalably identifying diverse, natural language task descriptions that induce failures while remaining task-relevant. Q-DIG integrates QD techniques with Vision-Language Models (VLMs) to generate a broad spectrum of adversarial instructions that expose meaningful vulnerabilities in VLA behavior. Our results across multiple simulation benchmarks show that Q-DIG finds more",2026,arXiv,Siddharth Srikanth; Freddie Liang; Ya-Chuan Hsu; Varun Bhatt; Shihan Zhao; Henry Chen; Bryon Tjanaka; Minjune Hwang; Akanksha Saran; Daniel Seita; Aaquib Tabrez; Stefanos Nikolaidis,,2603.12510v3,http://arxiv.org/abs/2603.12510v3,arxiv,vision language action model limitation robotics,hostile,failure,,,vision language action model; failure mode; limitation; benchmark; robustness; real world evaluation,2026-06-12T14:45:03Z,9.500,18.500
doi:10.1016/j.procir.2021.11.082,Analytical Joining Models for Learning Contact-Rich Cabinet Assembly Tasks from Simulation,,2021,Procedia CIRP,Arik Lämmle; Philipp Rusch; Wilhelm Rust; Matthias Senneka; Ramez Awad,10.1016/j.procir.2021.11.082,,https://doi.org/10.1016/j.procir.2021.11.082,crossref,contact rich manipulation learning,concept,contact,,3,contact rich manipulation,2026-06-12T14:45:03Z,18.493,18.493
